First Name,Last Name,UUID
Tommy,Moore,eaeebcef-4fcd-4e6e-8b8d-7002961b4d2e
Christy,Wallace,eda64013-d988-4083-a112-295c49a50632
Janet,Cole,8f26f047-a728-4a6a-8cff-bac8dbd6f135
Milorad,Jevtić,e7201877-74c8-42d1-8931-6367d2507e88
Audrey,Carpenter,83af140b-98bd-44d2-86d0-be12369b2b7c
Hanna,Thompson,0d79b3c3-b586-4ac1-a9ed-407d234021db
Noham,Meyer,2021a583-a22b-4f6e-9afe-2fd765410722
Gabriel,Guerrero,a5a45c98-2c03-43b7-a2e2-1f2a24452837
Honorato,da Luz,cd01da99-fbd6-449d-bc21-ac9a5bfd374c
Jean-Paul,Kamperman,156879e3-1bd8-4442-bc06-ca29474206e7
Farah,Solstad,9025845e-cc3f-4811-ad04-10db4af2da57
Ahmed,Degenhardt,b815bf10-6a2a-4bd2-9612-807b516e6704
Joseph,Thompson,786e24b8-982f-4953-a59f-7bace5e20017
Andrea,Filipović,62177b79-f602-4c11-a3d7-0bdc6f99713e
Nooa,Kauppi,4101f284-8fd7-4a8f-9725-94db8c4c5cb6
Adam,Sinyak,1578507c-cacb-43ae-b322-520e9597c47b
Lewis,Lowe,e7dea03c-db7f-4699-be1b-9a28abf49b73
Mikael,Anttila,3aea7970-b729-401c-afdd-c6526b9f64ca
Philip,Snyder,68dc7fb8-793c-4250-b5ad-3acbc63a5a34
Lucy,Kumar,469dd6f6-b174-4565-bf24-e52813d90dfe
Sophie,Campbell,1274da20-edf8-4079-82f9-2dfd966ce167
Stephan,Marie,2afd6449-b636-4378-b336-398d1a57f6c7
Laura,Benavídez,209cb19b-a514-41c0-83fb-56504f394db2
Oscar,Pedersen,7eb9a506-d847-4355-a1a8-fa181a4fe1b5
Gordana,Isaković,33158365-2efb-475d-b6fb-95cb811a39d1
Charles,Sanders,6fb8d7cc-0710-438e-a4e8-305b561eb736
Pranay,Bansal,1bb2acc5-23ed-4145-b555-1438e2cccb95
سورنا,رضاییان,6bd7348d-4c69-4c9d-846f-6b9d50100706
Christoffer,Nielsen,c79a712a-0f15-4420-9c4f-5ddc02618f64
Anas,Stendal,d3bd68c3-a488-4d40-8556-a44e29e17639
Aimée,Campos,49928855-0a4a-4f92-a12b-d9d2183be311
Gonzalo,Crespo,2357798b-fa7c-41a3-bfe3-0c66b0e81e02
Aubree,Gill,83651ad3-1192-4364-8a02-9983a26298e9
Noah,Jørgensen,29e33f64-1277-4c39-9eae-6228bb6bcdc3
Carter,Little,6aac887e-425f-4b03-a5a7-3361abc132fc
Lilly,Jackson,56b9cf37-ea22-4da0-9ec6-bc186819de5e
Artem,Onishchenko,173ef568-fef9-4772-8839-dca8589d01a1
Barış,Akyürek,5c764273-003b-4b96-832f-6c6f5ac149fd
Nicolas,Dumont,f6c6360c-5356-4d1a-9a85-190709c1d362
Hannah,Baker,9f6a8274-0bfe-4464-9ea3-1674d08e804c
Liam,Martin,8fe26082-8231-4e0d-a260-5ba92b17cc91
Hedvig,Gamst,4226eb14-4a25-400c-a966-373c63c66684
Hugo,Zhang,86c2ec41-9780-4251-b065-d8d652941cf2
Matias,Mikkola,f5dbd8f7-dd4f-4f48-9d1b-029b33f63b66
Virginia,Renaud,d460d2da-bc48-4afa-b7a8-c495e93fda79
Isla,Ranta,d82472cc-49fd-41fb-822e-93f3d97c1441
Sheila,Harper,eacb9878-0a40-4e15-947a-007b24b76ab7
Elena,StanićStanković,23af81d9-620d-4b14-aa3f-c201db252e1d
Sophia,Jenkins,3c7a285a-84f7-4e92-b7af-35cc042bb1ff
Theresa,Beck,f54e207e-cf8b-45bf-be96-bf350fb13ae0
Dominic,Lavoie,565d943b-23e2-4b4d-8dbc-b9ad7818577f
Felix,Hawkins,511c7647-a6b1-4174-b237-afb062d64840
Remedios,Ruiz,1dc426ed-6103-4485-9a60-bc505731b124
Ann,Ford,163fd099-86b1-435d-a42c-c5182a4e5033
Geraldine,Altmeyer,0c3a0a1a-b3d0-4500-a966-7ef4bf6c0a1e
Arquibaldo,Nunes,7731adf8-d7ef-4773-b6c2-107c9ee0ea9d
Ceylan,Samancı,db31dc27-1042-43ac-9fcf-a7932aa6015e
دانیال,محمدخان,da954984-f8d2-4bb9-94a5-141c20cc41ea
Efe,Kahveci,ac9a2f96-62fd-4e23-8893-f6b6d584621e
Vildan,Erbulak,c012daa0-2423-4f03-a814-c4331aa0cbe4
Oğuzhan,Beşok,15e2bcf0-f66c-4bf3-b2ef-06ab5662ec6b
Ryan,Bélanger,c0f0a913-da15-4658-b617-00e721cc820e
آرش,کامروا,848ea3b1-925e-4818-9dfb-2d2580161322
Alae-Eddine,Bex,78234958-0359-4e76-97a4-9643f5a3c55e
Josiane,Vidal,f5390d40-60df-49d9-a7e5-334e3da47e20
Valdemar,Poulsen,b575d758-105b-46da-9ba4-d1a59e75bfdf
بردیا,محمدخان,a073ea34-beba-4b74-85ac-0782368923b4
Clara,Andersen,8bbdf2c8-f398-440e-9da6-b932356c1e20
Cody,Newman,d610d580-cfc2-4ad8-91e6-75d740b55f15
Özkan,Gümüşpala,93be18bd-afc5-4111-b131-ff0b96e2a4da
Sebastián,Aguilar,37842854-f0dd-4a3a-a20a-0ae795fdf277
Adina,Nascimento,21c7b0ef-f6b4-4ca8-ac88-477fcb8eff86
Elsbeth,Charles,376fbddd-97a9-4079-a1c4-bfd7e57317f5
Mirko,Šakić,9faa474a-e227-45dd-b845-db84c7643cd1
رونیکا,نجاتی,297ee721-65f9-4811-82b2-1f9cfd6c566a
Shadé,Versluijs,6ce95a36-5993-4358-922b-35c4d22aa54d
Betti,Willems,25b111d7-32cf-48ad-a876-4436856aadd5
Cristian,Prieto,0c0b60ba-5008-42a5-9aed-6a0d9cabfe95
Neea,Tikkanen,e017d517-b851-43ff-9bc1-feb168af3814
Anton,Grujić,5c02544d-392a-4003-af93-6a08a4bee311
Kitty,Hicks,018066f6-6211-4a11-98ef-18d98ae5ef6d
Agniya,Materskiy,fb853194-e6eb-4cca-9bb2-dd4a3a75d7b6
Nina,Walker,483290dd-fecb-4c47-bf18-cef27b03e9bc
Matthew,Clarke,0530804c-2b39-4421-b958-4ef1f5299f7d
Bojan,Subašić,df5e5725-fa4e-464e-bbd7-610e7bd937f8
Chloé,Durand,92bfd134-a1fa-4d36-8fe9-3d9af6de5bc3
Wendy,Rodriquez,11e7dcd2-cec4-4dc5-9abf-ef36a6c3098b
Marta,Lorenzo,8003e690-8b43-44db-98b6-27e11775b2e8
Abdul,Bellmann,0fd59f43-ab38-4111-b95d-771bc79ac91b
Naja,Mortensen,b137c426-7df2-4a6c-af75-edf3c1f32d85
Niklas,Haataja,c5eee473-03d4-4935-9de4-ce7114f8886a
Okan,Ağaoğlu,1caec37a-e7dd-4c16-bb38-3bd7c9cd57d1
Howard,Berry,6d645b32-ef71-4812-95ab-c7f9e02f3c2d
Irá,Gomes,68657517-152a-4284-b4b9-22524a156e8f
النا,مرادی,6c4111f9-7813-448e-bee1-9b5eac7a2e9b
Aino,Kyllo,53a8c24f-5311-4f61-82e4-c58950881947
Olindo,Novaes,84b760a4-1006-4cef-8080-9b8f784d031d
Pierre-Alain,Michel,3926b237-c0df-4a57-95d6-3a1efc5ff286
علی رضا,حسینی,b2609e94-cec4-48fa-ac46-41e6eb32f668
Caroline,Petersen,6af4989f-7d66-4238-9ab3-a5eca02310d5
Alexander,Watkins,ddeb418c-2a89-4901-b637-9a2eae875666
Sava,Katanić,67b694cb-7830-4815-ac3d-7a3707cb4d00
Elio,Muller,016e3b4a-cdea-4a3f-ae00-fe1646e3202a
Janko,Radojičić,753ffeff-0aba-4d95-ac71-2c6e80f04592
Jesus,Coleman,ba3a589f-5455-4b14-adad-47b5c47f3d25
Stefaniya,Nestayko,b3f570c6-17c3-4a50-a50a-89413154fd40
Samuel,Eskola,98f8f19f-3a4d-4c65-9741-8c3d58012b40
Jansénio,da Cunha,81e86a3e-34bb-4d26-9e34-98c454a93766
Rushil,Prajapati,57cf02ad-efd9-475a-ae3b-bf6f43042e4e
Irene,Castro,753e1aba-6528-43fc-ae55-c8206ee8c955
Maya,Bergeron,6680d716-3b12-4ec4-9453-9b92c633f68e
Bakhshi,Andrade,9ee5dee6-47eb-4cae-99bf-99e9c75975af
Andrés,Santos,0ddd775b-e8ae-4218-8f3e-8f5dbbf77f29
Lola,Nascimento,5124d530-e3e7-4f5b-a7f2-5f0433283cb3
Ilona,Pietila,c31a9090-ba57-4857-b280-383ed9687265
Zoe,Walker,1fc02df6-a610-4c20-999c-b53a05b7482a
Elizabeth,Hamilton,57e3b215-1306-41f5-ad39-5421efaca57f
Roshel,Vozniy,1429a5fa-2eaf-48ed-96d1-dfb297a99243
Caroline,Mortensen,15244dd9-21d1-4ee0-8200-900283a76fe4
José Manuél,Aguirre,14c88e9d-d35b-4110-b9aa-6003ade72df5
Ashley,Walters,fac1a1ee-16ee-42d9-8a6c-44ce7f4ceb2e
Itzel,Prieto,23c2f320-709c-4d16-9392-97f6fdad1dd2
Alissa,Menard,83bc28b7-bf53-4bdf-9232-3aa7cef6af97
Ružica,Ivkov,c9bffc47-ed7c-43c8-9c00-de78c9f15e70
Stefania,Marie,bdcafeb3-dfac-4281-94f9-249a082e4d9d
Romena,Tokarenko,26d5c686-9935-468d-87b5-46243a18871f
Danielle,Hoffman,eea2ca27-247b-449a-a029-50d1efe5202f
Charlie,Thomas,2783cf7c-ca43-4d23-9308-091135bd9e78
Avi,Nand,22151aff-e722-4a14-a931-0f3d99430502
Tanja,Kitić,afc9b7eb-fd7c-4c20-bd54-1304d1e6a480
Everett,Rodriquez,90291a23-ee45-4ad9-801f-f187f9714553
Ariane,Brar,2447f04e-e27e-481a-a55c-66b964856cab
Yassmim,Mendes,7c27d2e9-bd35-4976-ba97-0b0ac7f40bad
Sanja,Kalinić,a42da9a1-9cb5-45f3-9317-0357f748d989
Lenny,Gerard,e1cbe10a-5b2d-4424-ba2d-431698016414
Chandresh,Saldanha,59e7e505-3f44-44e7-a74c-c811ac321f3d
Patric,Charles,8aa6c2ee-d2f8-41a2-96d5-1a1092fb076e
بنیامین,سلطانی نژاد,d1ae111e-132a-4f79-a996-b5011455acbb
Sita,Singh,bc4d87dd-d6fd-46c3-b06c-dc9517c73bbd
Anthony,Slawa,19e93eb4-f627-4f1e-81ce-295f9e95b922
Christina,Harris,0eba7319-b8db-4e8f-b9ca-afdff0f7923e
Willard,Caldwell,a71a755e-86d1-4c8d-9716-a3d01c5d58d0
Joey,Perry,aebc7d2c-6b45-43b6-b12a-a20db4d312c3
Katarina,Šarić,d714e6bc-1665-4f78-ac2c-a0188cee5cae
Mehmet,Türkdoğan,0c6376f7-0809-4b64-afbd-bf5bb4d94bcd
Emilie,Ross,096c6d00-25ba-4b3c-a244-9748502c282b
Aubree,Pelletier,2af1ae25-710d-44be-891d-8713fe86390f
Olivier,Harris,3a226db1-d468-43f5-b54c-b0f8f8f483d4
Alexa,Baier,8d98a7ac-ed8d-4fc0-80df-91163ed739c8
Bachittar,Holla,551d0ca8-9099-4fe3-8a8a-d5ccbca7395f
Teklya,Bencal,dad92559-771a-4d78-8906-fb5412912b7f
Jonathan,Dean,7c2b1d8b-82ec-41ac-84e3-c18c8b198b0b
Florence,Carr,2838e463-c8e5-4cd2-9c07-b6612b7f5833
Flenn,Lewis,0c8d0b9a-d6f0-4c76-b245-cff90d4dda36
Jeremias,Duarte,341e3e36-b5f0-4f86-b2c3-fc2788a23b29
Terentiy,Simovich,2a73c7f2-afea-40a1-80af-c73fb252a703
Vera,Riley,3b1a22f1-ee8d-4988-bb4b-d4f46c756b3d
Otoniel,Rezende,aaf5ea74-078e-4b12-b0cd-effa66b117cb
Zoreslava,Brayko,0d0f3a0a-3ddc-49a4-9dac-7d34006b5185
Slava,Malashenko,62c664c3-9423-40b8-a89b-7b82ea254432
Todd,Turner,43cb8dd1-8f59-4d70-9f62-d0777e6ee833
Gail,Gomez,fb10ca6c-0d45-43d5-ba11-265ef9ac8e06
Luciano,Richard,04ea6499-d04a-45e3-ae9d-9b489e1c2826
Kristen,Welch,8798a2bb-1942-453c-ac37-2328e50721c9
Abhijith,Shukla,e7d02615-6285-4896-bca9-5e4d20493129
Nicolas,Gagnon,9f0abc63-33dd-40bc-9e95-4161e775d65c
Sniezka,Klochko,32c75f29-a54c-4391-9cab-4c8a1ea439d3
Saheli,Bal,4bd44a9b-6112-4f9b-a994-d1054845edf0
Johnny,Wallace,eca5602e-d06a-4786-8946-f69a615b0616
Tian,Glad,a69a3274-3a9c-4680-8e42-4a1c01601232
Melike,Aşıkoğlu,18304bb9-0d3e-4a83-9783-9abbcfdc75fd
Karwan,Van Haagen,db276eb4-47bc-424e-929a-69b567d22cb5
Mila,Majstorović,33e11e0e-d902-4f73-881a-c0210bf15206
آرتين,نجاتی,d92faab2-4bb9-494a-9df1-bba1464a7716
Eva,Cruz,0e40656d-8ea1-4d61-9da4-37323e2cf59e
Enzo,Leclercq,ec279401-e99b-4284-a463-cc28a5cebcbb
Nerci,Santos,f2df30f5-0865-4c49-8940-c8537e55eccf
Cléo,Gaillard,732c3624-c86f-4d1d-8015-daa8cd6b4917
Pero,Claus,e199e1b4-8341-43b9-b656-6b2d02f52468
Ethel,Harris,349ed984-9653-4b2f-8057-8448573bc9e6
Eli,Hawkins,28be222d-3d45-4596-b961-bd3dd4fd6594
Pia,Van Heugten,9b59397f-7f69-4459-a184-2b79c61a1885
Madison,Chow,5697cb95-741f-4772-8d11-1c79d48a5d31
Grgur,Jović,287df638-eec5-45fa-b4d8-1c81ce0963ee
Ranveer,Dsouza,8d93cb71-784c-48a2-a0b7-9959c13eec9e
Andrea,Iglesias,abeac4db-55d0-41b3-bed2-dd7a2fbac2cf
Alisa,Pulli,25b14634-18d7-4acb-bb41-08303c56ce89
Eva,Ellis,b50ea6ea-e925-478b-a678-0813db296d45
Jonathan,Santana,aa4ff663-80db-45d2-add3-e3f38dee92d2
Hector,Fields,90747ee3-e49a-4cea-9df4-7107739a833d
Joona,Rantala,b620b949-35bc-4d29-8785-1517630225d2
Babür,Tuğlu,ddbbd092-3758-4a6b-a478-de6c1cc19f88
Adolfo,Sánchez,07c58e2e-708b-4d11-8767-3c49e7e55cd0
Giesela,Toth,3a494d12-5c8f-4e05-8d32-f2053a878531
باران,رضاییان,7556f933-fc1f-487b-a383-cf59413780f8
آنیتا,محمدخان,0e8a1a28-c80a-4e46-9904-32d145bd5b6f
محمد,حسینی,a1c432c0-3410-41f3-869d-1e9335fed0a3
Gustav,Nielsen,811a9aab-6c6e-441e-aa98-5d6ed91074f4
Patrick,Morris,e2af53be-5059-4bfc-9e78-f4040705e6b7
Vidya,Bansal,def315ea-398c-4b2b-b588-4973b49da43b
Anastasija,Simonović,6509c9fd-7816-48d3-a95e-579a5fb78e15
Flavio,Volmer,e92ea799-74fe-451a-9a8d-554b29bac44d
Anne-Kathrin,Bechtel,07993150-dc95-4ca5-b754-b8274f705580
Mike,Lecomte,ec2ae228-0ce2-409b-8e3d-3efd621bbc99
Karl,Graves,a67ae1b1-4a28-4a4c-89b3-1108f343902c
Vasil,Korovchenko,32abbf71-c7fa-41ca-a966-dba480edc040
Annie,Payne,c615bf1a-1301-46f3-9981-82da5dff00a4
Marie,Myers,6dd22194-57a1-4e6f-b92d-055c51027fee
Dragica,Grebe,9d9294c6-4565-4596-9fbf-b891ad51ad3b
Raffaella,Keereweer,a6c2ccc5-8252-4ca7-aa01-364ae72b744d
Ataíde,Melo,5e78cd99-b871-40b4-846e-b09c4c4ac6c9
Nicklas,Christiansen,94a0b761-a477-4754-8d21-dd4b83f82060
Joseph,Williams,3ad6437c-49cb-47f0-a0e3-9022fbd1f72e
Alisa,Wuollet,f11ae7b2-83c2-41df-ad68-af52bffd173f
Ayşe,Yeşilkaya,161698f5-c17d-47df-905a-07c4f92b0a0b
Mariano,Rodríguez,ed7f4253-38ef-447d-9c62-5d40159c489a
Otto,Seppala,d825f91d-9a4c-45da-b325-f0931e09bfae
Jaxon,Walker,b43269ee-83cf-499e-963c-281bbed35019
Terrence,Kuhn,ae995a96-54fe-4de7-9030-0dbc9fb5c4d9
Jessie,Osullivan,10a98f91-beb6-4f80-bcae-ae9bd6bf3868
Jérôme,Carpentier,bdb89a33-c7d2-4833-bff5-68a5a71ee47b
Terrance,Mitchelle,4fc676bb-69de-4e02-bd23-6bb2640018f1
Joshua,Martin,25ee581d-6fee-40e6-9521-6f641f80f2f0
Austin,Edwards,b960fe21-d647-40f2-b174-b30a3d4f9197
Jean-Louis,Leclerc,09516c1e-9731-4151-9ab6-5a216c7873da
Artemiya,Lisyanskiy,282d262b-7be9-4c15-b08d-5e8f7ed0f024
Luisa,Bravo,32f82435-40eb-4e25-8a3b-8cdfc03b238c
Ana,Reyes,89c76269-0dc7-455d-8ae9-e8ddd99cf849
Derek,Caldwell,4d822987-314c-486d-b0d7-7e09c23038a1
Esteban,Rey,10dee9ef-5252-4f01-8a03-f2329a6d9d59
Tristão,Melo,01bd9446-94a1-42c9-ac21-57d180619d12
Abigail,Smith,40c831d5-9d61-4725-8b11-0168ea925054
Jade,White,913edba9-8885-4e76-b453-4182b2d6eb54
Tadija,Vuksanović,67772cef-293b-4e97-955f-fb10216da6ef
Nixon,Harris,9e2a54bf-fc72-4629-90f2-7a4f7b35d009
Ilan,Blanc,3b3331fb-fd22-48d5-a7ed-40ada69b0ca7
Teotónio,Nunes,cb5e02fe-11de-41e0-9b2f-2962c7b0cb51
Joshua,Walker,8e1a71a2-1cba-425b-a7bd-80d5cb3a9f9b
Maximino,Rivas,4b36f6c6-7839-4216-ba19-033044e1bfce
Romão,Almeida,8e1aa555-e7d1-408c-b037-1597a52fbf81
Ajinkya,Mathew,25562526-a993-4952-a606-f1e1b800c602
Aiden,Lo,c66374eb-32c8-4538-a4f5-5b4519b958b4
Alix,Renaud,cc526a63-493e-496a-94f3-a5ec0d05bacd
Aleksi,Eskola,bad16744-65bb-4e70-8d90-b53e1e400206
Linnea,Latt,30423300-ec57-49a9-91bc-4feb16fb4bec
Elmer,Howard,3d16d9ae-8fda-48c3-8b8f-7930b81e6bc5
Gene,Ford,dc84418e-bfd2-46cb-8b8b-988c03399c0a
Tristan,Park,f8e98e66-a11f-44a6-b468-3a94a81966d6
Clyde,Gray,1b9aafa9-cacb-4bdf-b90e-8a60f87aa10e
Melanie,Jesus,f3f2aa97-00ab-40d8-ad86-96e1247d8e5e
Timothy,Gerard,8b2c729b-08d3-47bb-9160-842a3d977a96
Bernhard,Anda,496cd80b-eaba-4b1e-b160-cf9f1d5921f5
Crystal,Walker,a0307300-2a7c-4a20-a131-aa5b44a2476e
Lillie,Johnston,266d1e83-0dfb-446a-8048-230ab77f26c9
Dogukan,Buil,39132a13-024d-4136-9017-41d7721ac627
Ariane,Junker,be133490-db9e-4dae-821b-012e283b79db
Patricia,Cano,1d99699f-acdf-4824-8df6-8e0c2b04a192
Jonathan,Ulloa,2d7d9320-3321-4fab-aeda-5045a58193ef
Ramses,Ordóñez,8f221c26-48c6-495e-b92f-80e6f1879e63
Vicenta,Guerrero,b48c9a23-9418-4ab2-bf64-6fc9645b7071
Malik,Ma,c6dd8ec5-0371-4913-b40c-5681f42879d7
Nadeshda,Seidel,8dde7694-a67f-4639-87e9-ae4de3f4c15d
Konsta,Justi,f05d2c67-bfe0-445c-860c-1b9232201dac
آوینا,پارسا,3c0e18c2-f307-4220-a07f-13dcf71c1905
Ella,Murto,eab78891-8cd4-45fc-a85b-793522a63d59
Greg,Collins,d494f82e-f5a4-489e-ba8f-af9258a8a3cf
Alba,da Paz,acfc082a-8808-4a1a-98bc-29c713556787
José,Rubio,8f6b8937-98f5-4a14-8ef4-411d58e31093
Teodoro,Villa,a7ab9d88-3faf-4e6d-a90b-6fc165f787df
Nieves,Ortega,7127d92c-3d44-4d2f-a499-a679cfb4c3cd
Bella,Dmitro Palamarchuk,4f1c9bbe-f6ad-4902-b1c6-62f1faa7f211
اميرحسين,کوتی,a6ae1a36-23d5-4b6a-8530-cd041d69aaba
Nina,Cvetković,08bcaa6f-e4bf-40fd-b308-d77e4d37493e
Storm,Mortensen,c16d2303-4b2b-4d27-8f26-c439e4ecff6f
George,Kumar,b810e56c-ee07-41aa-87a2-9cdb8e5a8b02
Matej,Van Elst,0c9fa0bc-afc0-41f7-bf66-66e458bad381
Đuraš,Mišković,b9c66a2e-fb74-421b-9a42-5c2ea6b5a7e5
Álvaro,Fernández,fbfef794-a411-413e-bc77-b70879db6a96
Ilona,Hanninen,0a034278-3b03-405b-968b-ce3385bf09f9
Ievstafiy,Ishchenko,4d7684f7-008d-45ad-a502-da18df34ba11
Ömür,Ertepınar,4a56e664-dcad-4698-a4a9-de1d186c530f
Jonathan,Christiansen,35c8df33-053c-4fa1-9d69-f1f55ca188e0
Allie,Harrison,f6768256-1578-45cd-b6ea-6be5dc971157
Florence,Wade,3e815c76-2d08-49e9-baf5-73ccb185208e
Anni,Polon,c130165d-5458-4300-aa87-a1a332b2c0e8
Jeffery,Ramos,d2d6e894-cd1a-402c-aaa0-0dd728df757e
Nestor,Babarichenko,09e8eb45-aa34-45e0-9f63-941c3277d99c
Esther,Wilson,c78043ca-c896-4036-baf8-e437c07e13d1
Rich,Simmmons,dc77c970-95c3-4886-b904-e5e66505c793
Mathis,Faure,0d8d189b-a0ab-4d80-8d8c-1dc3dc8f7569
Sanni,Kangas,35add4f8-49bf-497d-b95e-0d6d99dd202c
Kostyantin,Sviridenko,b6b8b14c-2454-406f-8e51-10ea761bd035
Artur,Sohacka,ea3adb24-383c-48ca-9a9f-63d7fd977e76
Sol,Aaslund,403bc80f-88ff-4b2b-af95-c484d0d32a64
Gabriel,Sirko,b65ec750-51d0-4efc-aea9-3bc7f1b2dd96
Christine,Armstrong,6f512d9d-d94c-41d6-8165-af75df9c6115
Jovan,Simonović,a50831df-e867-417d-8b7a-3a0019eace20
Gustav,Mortensen,1ac16b96-a2e6-490e-aa9a-cee2b8ca242d
Sandra,Carrasco,86253bff-80ee-4664-8a71-4c3ffa82aa84
Paloma,Barros,d8cc159a-a3aa-4f79-a6d4-ed5a8fee0cef
Gordana,Michel,f6071f38-cded-46db-b48c-c6d578cc0696
Rocco,Brun,608336e1-f221-4e92-b2b8-f1d0f2d99e9e
Lloyd,Marshall,1f6207f8-69ac-43f0-8519-0ccf4b797db7
Hannah,Hotvedt,dfc37fb2-a160-4ad5-a5e9-32ff87ef5a50
Felix,Krawczyk,05ca5ee0-8590-47c2-b68c-0ca5c2c1ff54
Nellie,Frøseth,10d54a33-8540-4148-adc1-e1e17979ea1a
Vilho,Hakala,fef578c8-e3ec-45f1-a75e-f09d4a18e626
Ling,Den Braven,ab337667-6ba3-4338-9fe1-9c9898049818
Murat,Gonzalez,3a6ed9d0-f058-4c7a-868a-629a436b43d8
Cheraine,Kneefel,1c082770-beeb-4ef4-a368-f9ef345f6d17
Vincent,Bélanger,ed182bd9-2ad1-4304-8d48-30e7b5dc9515
سهیل,یاسمی,98c75227-0365-43c3-b21d-f2ec1c27f577
Simon,Gagnon,824938a8-e381-4a57-8655-e76846870ffc
Indira,Pires,b7f55efe-d6fc-4f98-8836-547276863e05
Ella,Korhonen,cfa8eefa-e335-4fa1-9cd0-bad391df2617
Nicolas,Lavoie,384f9215-8619-477a-adf2-b9000617d10e
Hunter,Williams,ce4eee51-cb3c-48ef-918e-aaa02fd39184
Ángel,Serrano,abc2896d-2147-49ee-98ac-8260d8db985f
سارا,رضایی,a3ee8107-e821-421e-981c-ef5f7ee8c531
Meenakshi,Andrade,ab9db76b-b5c6-4822-93d0-edb6ed641a68
Liam,Brar,54a46bd8-66fc-454b-aba0-8063180cf4e9
Thea,Asmus,c66fe037-b606-4845-a26f-95e10b25390a
یاسمین,یاسمی,49dd6a31-4b41-4069-8636-35645f6d72bc
Carol,Wells,10ccc883-8cb0-4a36-9ba0-98f96dcbd609
Jessie,Shelton,b8804329-8e48-411f-bb7f-790047a5ddf2
Xavier,Mackay,e8387820-e8c1-4812-b54b-142a9438daf7
Dhiraj,Gatty,43e68df4-29f8-489c-8dd9-0a86e4f9aa12
Julie,Meyer,448c145b-5718-44fe-bb29-2dbd8296e71f
Ruby,Walker,38b00d48-27c1-450b-b9de-7b99eed66e8f
محیا,موسوی,650cf4cf-66ae-41e5-b09c-28044886cb0e
Filicitata,Onipko,ba10f52b-119e-4980-a9b5-040a18711393
Ava,Wood,2dd73405-71c5-4f5b-82e2-dcb5a078e82e
Durkje,Knegt,2aae11d0-8b5b-4667-8295-a93f8d598017
Suzy,Richardson,fe874b04-0ec1-4e32-a1a7-a05b13e13971
Ece,Elçiboğa,e8af7839-fe10-491b-b42e-6d9a2510fd97
Concepción,Mora,d4de5cc8-6cbd-4ac0-81c9-1e7664a36a68
Tara,Dale,b68d6977-aca9-4d1e-86db-af170c5b1d12
Brad,Stewart,0ae0e879-4aa4-484d-b78f-d07db341edf0
Siegfried,Hoeksema,de85673d-0a43-4022-95de-04a0d4e461ec
Hasan,Horgen,99902029-ab2d-46c6-ba93-950bf238bfbf
Marco,Ortiz,f95cd159-44af-4749-9821-11e94e9c2e95
Willie,Gibson,290dee44-53e6-47f7-b28c-32b1889f7828
Milla,Heino,98ed68b2-d139-423a-a148-e9cd6bd91741
Violeta,Tejada,6c532c8d-6ca6-4d6e-9389-46ef90dc392e
Eemil,Wirta,abe46462-2df7-487c-84f0-e4b5d01384d4
عسل,حیدری,5008ad51-9884-4f72-aae6-79e162252522
Angela,Duran,ba2092a3-ae03-4c68-a073-fd08f516b9e2
Ramya,Keshri,def1aab3-1c10-42b9-bdf5-6800e5648753
Dobrilo,Vasilashko,16615041-0477-42a8-b674-3fd55872d1ab
Slađana,Radivojević,5f50d723-b8c1-4b69-990d-cc93517a0b4f
Sneha,Dawangave,e670ff70-924f-4b84-b480-746031cd5ff2
Evelina,Indik,fea74b39-5b74-4f97-8082-f2e5d7b83da5
علی رضا,گلشن,e732bcbd-3248-49b1-b093-1c368f8abc60
Kate,Brewer,3f89974b-068d-4af7-ae8e-342bece2f40c
Nicolas,Scott,bdf581db-2805-49f0-aca5-099b09d436a4
Josini,Porto,31cc2910-f931-401a-a4c8-b797819d99fa
Miodrag,Simić,1251e13a-03ef-488a-bbfe-f6c60a19d744
Julio,Diaz,91f75316-3f07-45a4-aa95-827a34f32f77
Svitolik,Lebid,250d83b5-4378-4790-924f-fd5f3cb8d1a5
Judy,Reyes,c4546654-a7cb-463f-8ec0-edb279d809ce
Emily,Mortensen,07073d44-6e9a-4203-8a98-3c40cb59acf8
Andrea,Alexander,7b961175-4ef4-4fda-b3ec-3f528df5a033
محمدامين,احمدی,e8983021-85f0-4774-8990-ae0ed42516c0
Allen,Silva,0af012db-7f88-4fbf-9702-60cf421d6f0b
Meenakshi,Hiremath,d06a8e5e-5f53-4df3-9649-27802c4793fc
Jacob,Nielsen,c518e7e5-3636-462b-ad34-4178a7735ef3
Reint,Haverhoek,e796e3eb-9f64-4788-a38a-2d9418d1c378
Sherri,Henry,b7177e93-4a92-4727-a6da-f2af76de3d19
Nick,Joachim,ccc3a515-f5e2-4853-9a0c-b232ae3b49f9
Maureen,Craig,e2f20445-966d-4834-97e3-c6415831ddb3
Ángel,Prieto,45d13fee-0976-4056-8bc5-3807c45ba99d
Sheila,Brunet,19dae56e-2635-4f12-a953-2de853d2a889
Remedios,Esteban,3842649d-632c-49ec-8056-34105c09eb1e
Elif,Abacı,591acf36-73df-4828-9461-f331c06d7d28
Conrado,Limón,d3666c76-5c54-4b1c-947a-69fa99f34910
Kübra,Günday,86eafe35-55ef-4e21-9ff3-44f301856146
Radoslava,Zagul,d478f97e-4ba5-45e8-a5b4-78015520d0b2
Margareta,Lerch,362c38db-4a4d-46e9-92e1-ae0f25258b21
Silvija,Divac,3611c516-3e5e-4ed6-87bb-a394dbeb85a2
Cory,Collins,b3513436-a50d-48ba-a237-ce09f33ca75a
عرشيا,کامروا,b3a7b3f9-1ba6-4649-adc0-db8d580057a0
Okan,Van der Geest,f9808792-b4a6-4a53-8db6-849d1f427db4
Romeo,Kvalø,5f9bc958-4f35-4d92-b1db-73632c9b3e1f
Nihal,Çörekçi,8dd0242f-0f64-4d9a-b31f-72404365a220
Lance,Wallace,d8544618-23e1-4c70-88b5-0e1dfa9e6520
Felix,Christensen,430c1d82-c90d-4a50-8a7a-2465e6622278
Selma,Sørensen,802f30d5-7127-433d-8df2-e4096a722f4b
David,Díaz,4857a09c-a178-4097-9e0d-bfc1326a9308
Isaac,Hughes,f20ca2ed-b0b3-4534-8dd8-efd3742f4c35
Orinder,Bal,07105bed-cea9-4f50-93a8-eda15b3a14ec
Mason,White,b308b761-53f5-4873-9298-37c06f6b4325
Martha,Turner,deef7ec9-b1b6-4dc8-a21c-30c2da13910d
Rebecca,Mitchell,f1f7d717-32d5-44e0-b538-7fbc2ae69466
Cherell,Heijmen,e3b63152-4a85-43d3-8d5e-4d498c642677
Millie,Johnson,c3faedaa-a898-456a-a26c-aaa6acf76858
Coşkun,Ozansoy,148eb9ca-e377-4ce0-aa0c-0a699a8d15f8
Coşkun,Özkara,7f5951d8-6164-456a-ac9a-a5974c2881eb
Augusto,Gamez,ccae8d2b-b80b-4ea2-8aa2-bc61c6969ce5
Sanja,Lefevre,bb1e9082-d6da-41ba-94b5-59793ebed0e0
Vernon,Lucas,8d7ec4cb-19b7-4e9f-8ff5-57b5b57141b4
Vera,Grujić,4267a52f-e049-4a37-975e-f526d8d35afb
Oscar,Poulsen,d754c426-ef48-4e81-87ee-373343c6fa1a
Boris,Abramović,83fc4800-8d3d-4000-a2a5-a275a46993d7
Herminia,Ross,a35a9b39-f8e9-418f-97fb-a16f490e0f7a
Conchita,Tapia,9f7dea69-08a2-4efa-980d-13835fb0ed3e
Alvina,Pavlenko,34eafbdb-b6ed-4c35-a9aa-fbeec9967be1
Maxence,Roussel,74b594b3-7301-4bfc-950c-0ab84f3fb55c
Hussein,Bell,f9d6b2ea-0dcd-4e92-9f1d-b3bdcf9ea3b4
Natalie,Johnson,8eb1af72-0292-4110-a931-57ba9590b8bc
Marcos,Jiménez,1a774e4b-9209-43b2-ae95-a76d4e9ac02e
Karina,Holguín,91631a10-6137-4e79-85d0-6f468617e53b
Corentin,Marchand,6c9507aa-fe11-4fa2-849e-2cf8d71518f0
Rebekka,Freudenberg,fc4e1e5b-92d3-4b9a-b33b-83a06cb4580f
Deniz,Polat,b372cbb5-74c1-472a-b81c-90c64d906bc9
Nicole,Stanley,a05e4de0-d6d3-4f8a-95a5-f75b6a1716d7
Hannah,Jones,55960c8c-b849-4134-be64-3bcc649f5423
Shwetha,Andrade,2dd8b0c6-886d-43b8-84a1-0464002b10b3
Elsa,Seppanen,1250bd09-4442-4aa0-a2d0-ab77a30bd1db
Milivoje,Vasić,14bedbbd-1611-4c38-9089-7cef430b4323
Asunción,Vicente,d53e55d7-1087-4a92-9cce-60fcff2e8d03
Karl,Fernandez,b7882038-8a00-4c71-8859-a0ff9f5d1b75
آرمین,رضاییان,d66c5552-028f-4828-b3c9-0977a45da24d
Lorenzo,Gallardo,2897e183-273b-4694-a801-23775df24725
Nanette,Cornelis,3edfb170-7f15-41a6-92f9-e6d0470c8bdd
Dulce María,Rojo,c65f0fff-ca01-400e-938f-c55ba0ce3778
Koray,Tokatlıoğlu,43a1279d-ce64-4492-ae1f-0e5e6a536af9
Faith,Evans,97e0ad12-07fc-4d7d-b09b-aaafc64709dc
Bozhen,Nesterenko,c12ec985-01c1-422f-accc-148b6802baee
Calvin,Simmons,a71f31cf-2f19-4f4b-ab0d-83f22781168f
Thomas,Brar,a3adb179-d932-4aa0-994d-066ed1166cd5
Anmol,Chatterjee,3c2121d3-e918-43f9-a452-8ff5dbbf1a2f
Kadir,Taşlı,92e208f0-a2f6-4c8f-bb59-80544a86f0e3
Maria,Elliott,9de4780c-2ad0-4639-95d2-59bd82ee6ecd
Kate,Pierce,380d0b4d-e95c-4838-bad7-818b10e482c5
Ethan,White,606fb7df-f28d-4f7c-9bbd-62f7631b13f3
Okan,Keçeci,d3fe9c57-12ce-428b-b949-aebe0a1ba564
Marlene,Lewis,823773bf-2656-427d-b387-c76ea61adcea
Ostromira,Zheliborskiy,0ccd9e2b-08f1-4997-80c3-f5630a5c8e9b
Radomir,Grinishak,0019cd7b-7fe9-464a-ab44-627f2425e123
Pepe,Fogaça,7d7d88be-eade-4234-97f0-e2dcf8ac7f95
Todor,Pejić,b7ecfe7e-50ad-4842-a24d-34eca0f15b92
Esma,Özkök,97704f84-bc79-430e-9cd5-a9c01a08ebac
Hernán,Bravo,a17e9516-98b5-4a9a-bb47-b04b76f423fd
Johan,Pedersen,0d9655cb-fc70-4d80-87f2-f3ab92d0d953
Emil,Huhta,1f968661-a616-42b9-b607-97344eb9d84c
Omar,Holten,0275cd8d-6a66-4cd7-86cf-ecd08129f459
Lewis,Taylor,9d8ae03e-c971-45c4-ab70-0936a8927123
Anja,Golubović,b1020c1c-dcb7-4fbd-844d-bda2799916dd
Elaine,Morales,ec12b2ce-c165-4339-ab28-e553105cb629
Isabelle,Mills,2c54846e-50d4-4b41-8ae3-df853cce6e79
Tristão,Santos,81daa428-1301-4133-ac41-2614d13130ac
Johnny,Palmer,9e8e0f5b-4836-418b-97ab-860c4a695f58
Blake,Mitchell,c25e4f42-5e15-4110-a49c-9ea4432649e9
Rodi,Groenland,8ebd8fcb-1799-4d9b-9edf-8b6338fb5924
Victoria,Gagné,dbd3e728-624b-47aa-aee3-d2d6663b88c7
Cosme,Ribeiro,b6d1cf68-ad4f-44e1-b36d-0a2fccd4514b
رونیکا,کوتی,9a5f4f4b-40c9-4577-b362-0c2c41678679
Tanish,Bhardwaj,75f97368-d24b-4579-b0ae-48ce32a27c4f
Renuka,Holla,6518bf8f-0d7e-4a8f-877e-6c7d994fccd5
Herbert,Bates,68ca6bc3-f798-4bd8-b16e-ba838647526b
Milton,Howell,acb1ccca-0853-4f11-b2d7-d98585b7d81d
Nonna,Ilyashenko,c15737c7-9c18-481e-a33e-a24d85efec3a
Rachit,Kavser,8412e97a-c6da-4f91-92fa-1aca2022c466
Christine,Saastad,25dea031-695f-40cb-b391-41b2d1e6a51a
Amélie,Aubert,f62d8314-d047-460c-8779-aaa8f14d0bb3
Ella,Wirta,88a617b3-0621-4c6d-9019-b12a65f2d285
Elena,Bjelica,118e8be6-508c-477b-8cb4-c32bd5f2ddf1
Gesine,Kunzmann,794718dc-fb3b-4190-9646-d23089ef391f
Emmanuel,Robert,6cf01cca-0349-4f6a-9ee2-a6b2b6add5af
Lorenzo,García,355f312d-1153-43b8-aee5-977003811886
Amalie,Kappes,cbd26962-6e9e-4ead-86a4-b308e57b156f
Dina,Ogiienko,f18a110b-9a26-4c24-b2c4-a992783870ad
Tim,Green,743434b3-1268-4b71-b6aa-4c0eb1108304
Giray,Ayverdi,8b0935c9-9bb9-4de7-9022-daae99a6f0d0
Carter,Li,56618d9a-84b2-4525-892d-784955c702df
Edwin,Spencer,dcd2aa8f-1785-4711-9c48-b2292b9d982a
Margot,Bourgeois,4284bc85-a051-4c1e-87ca-215f77a94f96
Iver,Voll,a5014b16-0f12-46f3-adc2-275d28a693cf
Ursula,Roussel,1464f2b9-ed06-485f-82e6-5b0e0d1c9db8
Frederick,Chambers,a18c7d1f-caff-4508-b327-5542a8cbe914
Zoé,Robert,b2b9c3ee-3a64-4888-886d-5ab91a125993
Frank,Hopkins,6eb604e8-74b9-4585-b49d-2c6fba91c83e
Kenzi,Garrett,b6731d50-da01-4704-9f7a-ce30b4ec6ebe
William,Møller,0df03514-4728-4d6f-bf61-25cd0d3f79b8
Kelly,Douglas,e85c046c-19bd-4473-887e-54d618a80f75
Drago,Sonntag,a263d93b-97e8-43ab-ae1f-22776002abbd
Carmen,Flores,15e930b1-47b1-4b22-9e69-8346ce99c31d
Edmund,Alm,e40e6ab1-5f4b-41b4-8024-2dbc0dfc9073
Alfredo,Zamora,b120a289-6d36-4bf5-bb95-26fbf040dd86
Phoebe,Wright,ca847857-aefa-43e2-8a6f-bb50c4ec079d
Ellen,Lampinen,3d3ab316-2b6b-4b3b-8e93-b62dbdccfdfb
Madeleine,Guillot,b97938f0-5288-4cd3-9f35-09a047e64b27
Eemil,Kivela,2a052e3c-627b-4f53-a85b-a5310af75f49
Eemeli,Lassila,ed561097-6306-452a-ac84-5520481d05da
محمدامين,کوتی,2b7ec491-07c1-4619-b522-3a1645042e2d
Timeo,Hubert,db1178aa-3923-4ab0-86c0-eb1f84405a18
Volkan,Babacan,4dc1722c-c2c3-47df-bedb-03c9f9b03fe4
Elmer,Fleming,b332b76a-1692-4b5c-adea-38ef80c3e27d
Britney,Lawrence,451cc4db-46f8-4de5-99a0-a19f70d9ab19
محمدپارسا,كامياران,d6329ca6-caf7-4cf6-9bac-afa5493abcea
Mariamna,Drozdenko,527fa64b-dcaa-4b8f-8acd-fc6a2d4f4ef5
Soncelika,Skirda,1d445fb1-5c9d-4128-9676-2faed77a8a94
Anatole,Guerin,c81e4ffb-468e-4249-936e-87f63e274856
Derzhikray,Bratus,403609d8-1bb9-4290-bc61-1dcaeab36f8c
Gino,Alves,5e123b9c-a2b6-46d5-b646-68bd91509efc
Yavolod,Kabachok,9e067331-53fb-4dac-b156-75d67b98dc28
Lorena,Naranjo,779aa98f-71c8-4142-92f0-1ee854735a96
Danny,Gutierrez,55c413d9-2372-40da-a485-82ce99487fe1
Nelson,Coleman,991c5173-7384-4f36-8ee1-7854ad95bbec
مهدي,صدر,e9d51211-ffeb-45d2-9189-25cfdfd4e73e
Özsu,Denkel,1b461602-e2d4-4b2d-9fb5-85110362a8e5
Naslava,Ivasyuk,4c8db749-ca72-4a16-aeb9-f483a3fab90f
Željka,Ivić,091ea24c-00f0-444d-ab1d-6a449f56105e
Lance,Nelson,b0eaa5ea-a93d-4ca8-8ebd-310b52c6f129
Joshua,Pierre,559cfbb8-d5dc-44c3-8128-0db5a733b26c
Emily,Roy,bf59a5b6-ddfd-4a7d-92a2-ef49134eb57f
Karl-Hans,Erdmann,d8f8de39-f4f3-4427-a81d-846f66549fe3
Tejaswi,Thampy,ee21b5cb-a119-4be1-8ec9-94075a7e9da7
Leo,Hannula,5e59a53a-6e93-4158-8b22-c861eb14269c
Juni,Kjos,da998dba-8887-4953-9ecd-3ed154f68bf7
Matthew,Walker,02e5ada9-5cc2-4961-a3ea-55d2aff61818
Sophia,Kumar,5ad1323e-54df-4a1f-9cea-2a0150503fde
Afet,Evliyaoğlu,811ca554-45be-4990-a9a2-74a9730fa935
Jon,James,7d564feb-0f31-493f-9a0f-52e735e16973
Zeferino,Solís,e9282556-c566-491b-96c6-4a02aa94d03d
Patrycja,Vliek,3e22ad33-aa92-4928-969c-4b79d0cb7f29
Horoshko,Kolesnik,9ffb593a-bde9-43cb-ba39-db84c5c32b70
Ercan,Waldmann,08ea2bbe-ac87-41ea-9fea-1d536a792149
Melissa,Hop,6566d0b7-439c-4745-b407-9fb79d5d4b25
آرسین,کامروا,23972421-4b5d-4d79-9547-176665755397
Mille,Poulsen,ba926ba4-f633-4c33-9143-1ac5a610cfd6
Mia,Singh,5d74727c-f73b-4a2f-a2af-de1217a5b2c4
Hannah,Pelletier,e7652f7a-5b58-42c7-8dc2-e1f4c70f0bfe
Steffi,Köhne,904c2e1d-d8d6-45b5-af92-db272b4fb233
Margrith,Giraud,ae041a8f-eee6-4317-9b9c-e04072c0ae8e
آرتين,حسینی,e9029c0f-685f-4e8a-996b-f37524c1a115
Viljami,Ylitalo,7d065b8f-6af8-4d9e-869f-0c39ca7d04b9
Latife,Dağdaş,5f60d446-20a8-4574-bb6e-603e15047006
Bosse,Van Baalen,935313e0-6bbd-45a8-bd51-a6f964805185
آدرینا,محمدخان,be22ed42-80cd-4785-8cd0-d6df4878063a
Sarah,Mason,0f19f711-057b-495b-9916-0cda474e86bb
Ramadan,Deschamps,c1bbe56c-b4f1-4c51-b541-0fad3a64e190
Jordana,Buys,756e5261-ad43-4d6b-acb6-0d2b78568368
Duane,Bell,370b5f31-a891-4aee-9509-af58af7c1a0f
Roberto,Scheck,8edd0a4d-9835-4923-bc9c-68684cde82df
Veríssimo,Novaes,db60f0bb-3804-4dd3-8d72-feb27cac99db
Charlotte,Ouellet,2eb22a41-2ed8-448f-ae40-768816b9c675
Kavitha,Dalvi,d674e5e7-6ef6-4faf-bc76-3a26ad44614f
Ashley,Stanley,71192ca8-eb42-4d0e-8c16-ef05cd1f7952
Zayan,Singh,e27c4a22-664a-416f-b662-a517221d1e24
Lewis,Wilson,8062c5fd-e70c-44ca-8408-b95392ca578e
Lídia,Jesus,a0124041-2702-4356-9bbd-fe540527a436
Kuzey,Ekşioğlu,6826ec10-64dd-40e4-aead-3dd2340c235d
Alejandra,Aguilar,9206df74-ef3c-4b3f-87a7-3f42d8126387
Rebecca,Burke,dc16d2ec-7325-4eaf-9375-ec8b3883a507
Riley,Gregory,42a3a887-ea66-4851-8a8b-2c82e2e44fc0
Florence,Holt,efce819b-1c8a-4f1e-a61d-00d2cff8b97a
Minttu,Kauppila,6e5e77cf-6e54-4ec3-9662-a41db9aee1dd
Julija,Kralj,cd12e9fb-3028-41bf-a3e0-54b5f7e12a48
Mae,Roger,e17eb2ff-950a-411c-9180-4cbc959e2d15
Hodota,Chornoguz,294343a3-a223-4885-84ec-201e1471c57b
Virginia,Márquez,2cb05f81-9dab-4845-9813-64a04cc37d47
Benjamin,Bouchard,5c52c8d9-48dc-42f2-a856-6d5d394dd23c
Robert,Larson,1c0634e6-544c-4dd9-acb7-8ba079083291
Väinö,Ahola,c5441b84-bb19-4c11-afe1-b3837040d4b2
Edward,Sellæg,53a7c1be-b66d-451a-a2d5-5ac484abb519
Ludmila,Stanojević,4286b7f8-3520-4454-bf03-2f851d21d1b2
Pablo,Santiago,20266ac5-a363-492d-bf59-68d26d1e8c16
Lily,Hall,50a0f521-5a04-4fea-a39e-789f6cef3020
Pascual,Zavala,9522f363-02a8-4068-a0be-616b0fae35f7
Fernando,Carroll,a26e82de-17cc-4fd7-9ee4-dffd214cbb55
Daniel,Roy,a21b2567-3e7a-48e3-8e23-94d4802aa4a6
Gleb,Nizhankivskiy,e8ebd235-478a-401e-b4b8-aca1eca294d9
Kadir,Menemencioğlu,5c05d613-740d-4ad1-9605-bab37f0aa4a9
Volkan,Baykam,eeb9a5d4-31ec-4730-bccc-f23220183ff4
Mathias,Olsen,f12b71d0-2031-42f3-afdd-163d1b1c71c6
Vidoje,Ristović,18997fb2-bb82-45e5-bf74-58cbbb5bfc8e
Meintje,Van den Beuken,5c0f181c-da56-47e8-888b-3a64a59c1bb0
Alissa,Guillaume,e61be7e5-c22b-4668-a4e4-9515490b9d01
Alan,Lee,e49c078f-fc81-422f-af27-899b57971b82
Megan,Little,2c675d33-76d4-4b03-9cc4-8528b2d07cdc
William,Petersen,55430ec6-f195-4eff-b362-9a0b6987e215
Andre,Chambers,02c5b01a-faab-4f25-85d4-b84d67764c11
علی,مرادی,2708bb01-e5be-45b7-a5d5-e5907a963a46
Giada,Marchand,5a0aafb3-f0ee-4108-8729-bf41abea9f95
Esat,Sandalcı,404cb3c8-608c-440a-821b-4c2295d376fc
Lucas,Sanz,b1a15967-f8c8-4683-a2bc-c77ec22b95cd
Nicolas,Fernández,4e0ed27b-7741-4f04-b17d-4affe9b6e17c
Vicêncio,Pereira,534b70b2-8527-4269-9ca9-c59706fc7a8e
Lenni,Pulli,1b06e498-381f-46c7-b973-d0f6c250dba2
Jamil,Houwing,7080599d-388b-403d-8683-3fb555ed471a
طاها,كامياران,858259f3-6ba0-4a65-b97c-2fceca77cb94
Bogdan,Jakšić,f450e9bd-23a5-413a-866e-cbd6471182ba
Vassa,Bugaychuk,ccd5e8e7-c861-4b34-b662-e2673a8150ce
Daniel,Reynolds,f1907eda-d2b7-4f70-afdd-82033c04710a
Anka,Ćirić,1a814759-8138-4613-94ac-67e18d0efc43
بهار,سلطانی نژاد,a83626a2-562a-47c7-b8a4-f822cb272474
Marion,Vargas,e5bc51d2-0c2d-44d1-802b-458ec33bfdf1
Clifton,Dammers,e54e8d8f-5437-4d79-a732-574707b13dde
Suzana,Dokić,b53bb770-396f-4d88-9e46-395b4cf88611
Oscar,Jensen,cab59a1d-6f15-4456-af12-90401c170325
Ethan,Brar,c661cead-2c5d-4c3e-8bf1-0817bee0ccc7
Juliette,Andersen,afd9201c-2536-4943-8674-cb129ffc4140
مهدي,علیزاده,1f50294a-da17-4273-834e-75966bca5c91
Bernhard,Stigen,76f55cd5-e2c4-4aeb-84a2-1ca8ae9ca645
مهرسا,کریمی,3ce083fc-c85f-405e-8a9f-964cafe4f0d7
Oleksandra,Demchak,3c329091-83ac-4259-9ffb-418c3e13b375
Nina,Roussel,5f2290db-d747-4472-89e1-fa4045c783fb
Belén,Lorenzo,58eb6a38-61ff-4dc8-9cb1-88fbe98cf8fe
Corrine,Vrijenhoek,7f010d51-ab5b-46a7-af06-f83a01007acf
Gabrielle,Gagné,ae561bee-e8aa-4d2c-8465-63f58e4b322f
Flavio,Gamboa,7f26c15a-c17c-4d67-b4b2-0515480e568d
Colin,Lane,6fff041f-30ff-4710-936c-765b4d21fdfb
Caio,Pinto,a2c0e47d-3e02-48c7-b5fd-8f47d0048a25
Terri,Cox,a58ad44e-9110-4665-87f0-fa23ca875134
Elisabeth,Ribeiro,818b1cda-20f9-4cc8-a08f-c328b763de77
Domingo,Ramos,f4d821d0-1909-45f8-9d73-4d413892a5ca
Tadija,Stanojević,d4380e19-8031-45b7-8710-ed2fbfc9b088
Eduardo,Álvarez,f4603e36-3b89-41b2-991c-6f769054331a
Helmi,Maijala,160fa642-4735-49b6-9d3b-f3d8bcbe3d5a
Joana,Fernandez,375331c1-e5be-4097-8894-b78bd0baea29
Zita,Lucas,0e026e63-b016-4cb4-98c8-9b79db6bceca
Wenseslao,Roybal,612b6fe5-83ef-46db-b427-5cb5909c0e81
Ellie,Sanders,c865f00f-69aa-4a71-8ffc-4c6d4f10e312
Brandie,Oliver,f8b814d6-4221-4d8d-b0ef-affbea15979c
Neo,Jørstad,aac7c551-3953-4a93-8937-35305653363c
Regina,Scott,e86c772b-3fc1-428a-9d72-200b646d6d83
Hannah,Moore,2fe0705a-4dba-436a-9099-0c771c95822f
Branislav,Daničić,7cd4f208-504c-401b-a46f-a41a61ea613e
اميرمحمد,حیدری,c93455e6-42f7-4cec-bcaa-5aab1b37704c
Wyatt,Terry,dbf58f79-a3ae-4a99-84f9-f68766103f75
Hotimir,Zatuliviter,54c61139-1059-4e5d-81af-93c5891653d2
Mayra,Tekin,903cc136-c1d3-4d0a-b71f-24dbff2be682
Sharanya,Dhamdhame,f293ac3f-e569-40c9-bf2b-e1f4a1349bd6
Raquel,Salgado,89905161-d150-4414-b692-0e8fc7912cd9
Nina,Wang,99418ed6-5faa-4a0f-aec8-4017765853bb
Amalia,Skage,0f96b30f-b53e-4d31-ba55-f3904663197c
Cornel,Caron,a83f166c-138b-457c-8153-3c5238c81ed4
Flora,Guillaume,fd8bde21-3b69-45a2-a65d-dbceba2a6ecf
آدرین,مرادی,59a761fa-2870-4790-b1d3-c192ba352d16
Ehrentraud,Brucker,7e8e7854-8584-40e3-aefb-94450efedbdc
Jacqueline,Kim,a5d40626-c599-4ad1-9a8d-e5de7dc30c1a
Stella,Byrd,b07231f4-3a83-4806-a806-cbe5905333d8
Bennet,Jägers,b555b431-e2cd-4d07-a3dd-9e10c4f56dce
عرشيا,قاسمی,d3e374ef-b850-4ba7-8aed-593a19e07d31
Ignacio,Santana,caefb5bf-54ae-45c6-bd8d-5fe1ebd070f5
Oya,Baykam,e842f020-8c08-4c29-8f22-fc9521e48427
Gleb,Osadcha,a999ddce-5d92-4204-a83e-2511cf7b6a02
Deekshitha,Rao,2e96d383-c35b-487f-927a-adfd9bc520ce
Mar,Navarro,a6bad996-0bf6-47b7-8195-5c3e5d990db8
Remedios,Soto,665c4f3b-513f-4f8d-a1c6-1d0b1512f382
Fatih,Öztürk,c269885e-e456-432d-a8e9-a826c64066ad
Adam,Roberts,d6cb39d2-acd7-4736-9dd3-c5293c40ae34
James,Campbell,3b0fa007-39f7-45f9-a7a1-7764b8d2b5e8
Josefina,Pastor,ddf2740a-fcd2-4e5d-9996-f50aba12c7eb
Bernard,Gutierrez,6f8062a2-38b5-4954-ab22-6c53eb31fb77
Heather,Knight,72c918ce-3514-4269-be20-3f2bc3acea64
Martin,Hokstad,ff73e02c-0c87-4bd2-9bc9-e762f04ef5d3
Maria,Petersen,500d58f3-3d51-4635-a667-b627dbdea52a
احسان,موسوی,18bd4ae3-ac61-43cd-b543-e95ff8660459
Tahsin,Pinkster,850c3dd0-dae5-42d0-990a-ed8d9adec45b
Matthew,Burns,802bcbea-c84f-4ef0-806d-a5d08ec54f7c
Lotta,Koivisto,0397af6c-8fbb-4d9b-b373-ad9c256004c8
سام,کوتی,fb274717-2e04-4489-814d-1283bb9be1e6
Eevi,Haataja,dd64e0ab-21a5-4684-b459-a192c30cc24a
Samantha,Campbell,62310370-c803-4d9f-8c0c-6593c17b8e08
Norah,Arnaud,7efddeed-7cc5-4237-a78f-86621c77048d
Emrik,Ivanova,21e6723a-1d82-4ef2-81a7-c06fd83f3332
Dimitry,Schrijen,dde8b8aa-feea-4000-bf54-b11c44a6ec38
Suzanne,Simmmons,dcb0589d-58b2-4dcb-858c-244876e5bc89
Concepción,Contreras,5a43d1ac-201c-4e08-adfd-172d9c50a381
Ramya,Bhoja,c483a1cb-dbcc-4502-b44f-2b23a4cafdad
Shravya,Almeida,828b0eb8-6e4c-47a9-b10f-25006a2f63af
Julius,Lacroix,443164e7-cc6d-41bf-b96c-7ba6de9e57d8
Pooja,Shet,b90d331b-7ee8-4957-82a5-88c0e48e5704
Ayşe,Keçeci,65d941fc-d1da-4b49-86ce-c8a519e99dde
Halina,Rebmann,f7e53e0e-fbaa-43fa-a337-5f5d7ec1ed48
Susan,Campbell,31d28d85-6096-49c6-86cb-8ced2fa07d08
Sneha,Shet,9b46a6b8-2ae4-4f26-80d5-fb227612d25a
Remedios,Vicente,0b5234c8-74c3-4948-b900-18094364b2ba
Nonna,Guculyak,ba5b89b3-b477-416e-96eb-821e7f900147
Aada,Wirkkala,741375b9-f530-48aa-90a0-339353651ab7
Johanne,Madsen,2cfe9d25-d49c-4891-b0ad-bd813c9a9467
Melike,Yıldırım,da3e0419-9846-4bb0-a786-aa9d0050ded9
Eemeli,Ojala,1369ac21-ea7e-4167-8071-dadc39a86b36
Grazia,Deschamps,dccfcf22-6489-465e-88ef-50d3f551a618
Cristina,Paredes,c6264206-3b57-41e9-aa0a-ea8cc27f337d
Stefanija,Vlahović,d5435928-7753-46d3-ae79-a3d81fbfab2e
Fiona,Horton,5b1a80b8-78e1-499b-9b4d-cb3b15464808
Alina,Stuber,9395303e-694b-4a98-9eb2-548dbf5be211
Virginia,Delgado,f3f95644-35ce-4ff0-8d67-0ff64a489290
Judith,Bradley,4addb564-d076-4239-9295-707080ce66e8
Alan,Hoffman,b31b6d6b-aeca-4062-8adf-cbfd25b738cb
Carter,Smith,316748ec-c5b9-4b90-aa2c-5ebba12c4154
Isabelle,Lawson,96da425e-d32f-4ad0-8d31-2fe8bfaff40d
Jeremy,Howell,5542b284-cabc-4c8b-bb76-c6b1ca63391c
Nazia,Van Grootveld,1068586a-d389-4c19-84b2-8d164ec3a145
Diane,Banks,fe332b4a-4e7f-40ed-8d12-4d309c64c7a3
Bendik,Ali,d1dbc35d-d385-4397-8d4c-f532bfea58cc
Colleen,Hartkamp,ac86af4b-f0d1-4256-a06d-3e4e8d85037b
Shaurya,Bhat,411119f7-3f92-4ed4-ba12-cb0352e9e147
Hemang,Pujari,f396a727-2e33-4279-9fdc-3d83d570aacf
Florence,Lord,c1729184-0b2d-4ef6-a08f-1ad350e88621
Sebastian,Christensen,de74c4e3-f785-48a6-9530-7e07de039403
Harro,Neff,0c4c2eab-5402-4a0b-8046-b393bea6cd61
D'Angelo,Eilander,31f3f60d-6df3-4ee3-9a8d-9b38252eab57
Steve,Henry,1e6c3603-a8fb-4f4e-a8fd-372a99fbedeb
Justine,Bergeron,9c81c5af-8977-4e6d-bcca-c6e61008a7fa
Marie,Morris,047dce19-46e9-4f37-932a-45be7cc1b369
Freya,Lewis,36d4e12c-19b6-46bc-86a0-40b2a9aa1979
Loretta,Black,9b2fb340-49d5-4024-930b-6e3d86e33e03
سینا,سهيلي راد,660d21a5-ac6d-48cb-89f6-76e39e57850a
Hilária,Melo,5dcc223d-55de-44dd-a8d0-e99a112ec138
Anitha,Taj,c993a9b7-c731-434e-b7be-8e6503390a7e
Seth,Rhodes,353b3bb0-f8a9-49d5-9e1c-ee9b3a632bae
Hannah,Mitchell,c36bbd87-d809-4f54-a81c-291cd7fe7039
Francis,Marshall,ec0df348-518a-494c-bdd3-84c0b4b002e1
Neha,Sheikh,1bafb4b5-30e2-47a3-b414-0cacb342ca5a
Sandra,Vincent,a5370114-5d78-4721-b1ee-3a3818338def
Chad,Hamilton,ac9dd80d-fbfa-4eb8-a3d9-33418babb5de
Victor,Petersen,44e866a7-34ad-4947-839b-5a409ab6f444
Cristian,Lemus,c117d9df-e943-4539-8f76-be1c8926c774
Gerald,Pena,eee7a6f0-d4fb-47f8-b19e-90a4407d75b0
Florian,Dufour,96e6d087-a1fc-4417-9617-2ce1d5f89017
حامد,جعفری,3441e47c-5720-4724-ac1a-05264134c57c
Bradley,Ferguson,ddf332fa-bd0d-49f3-90ad-9d636b3f9368
Andre,Hicks,5ea11851-f7ba-4e2c-aaf0-157e2c8b94f4
Milovan,Kurilenko,992fb1f7-8db5-48a4-8e06-04b221ab38a0
Julie,Jensen,47319d01-c92f-4c82-8a12-2b45ea3dbf39
Sidónio,Nogueira,aa96bad8-de77-4ecb-9a1f-99e86d20a7b5
Regina,Sanders,1a142fc2-6d8b-4dff-bdaf-a29c5a269778
Esfir,Kaminskiy,3038b7bc-7daa-43ee-8eb3-d7e17afbfc44
Ekapad,Naik,0a86ec9f-561d-48de-85bd-e7e4299ad3c0
Sudha,Kulkarni,84cb4cd1-2641-4e21-a510-1b3bbd62e2ee
Babür,Doğan,9f896d32-9e73-4b4b-bf77-5b3c4ca151eb
Marcus,Jørgensen,07e4fa51-78ca-4a6c-9b1f-900de00986a7
Dânia,Moura,1b94b321-25da-40cd-8390-7eb30b15dbe8
Jo,Freeman,401a4caa-e14d-4b5f-8a2c-97a3f090419b
João,Mathieu,4d58d511-44ca-47e7-8a56-d99110b236a6
Aylin,Gautier,d95b24d2-c3d8-483f-a642-eb76b2f0febe
Verica,Terzić,b5e9bd8e-25e3-4fcc-8a76-205caeeb969b
Nicoline,Larsen,02bc39c0-face-403a-a6ad-042e776ee5a0
Sean,Mcdonalid,4d709eb2-98b9-4b10-8ca8-1ab0d23f3fb8
Marcus,Jones,0f69e6f8-1fc7-4aee-bb81-f0f0fe5deff7
June,Alvarez,55a615d3-4e51-4d53-a58f-3dfa42331675
Enrique,Hawkins,be9232bd-b386-409d-9d3c-8f172dd89729
سارا,حیدری,1823e36d-fa9b-4668-bd9f-4874a27e240c
Yvonne,Mason,bed87b67-c8cf-44f8-a011-3a4bfd75ef26
Irá,Viana,8cdddda1-6514-45df-abab-48824c826847
Nanna,Vårdal,ee28d77c-0bed-4b3b-80bf-e3f873997ba3
Dunja,Smiljanić,9141c146-b88f-416b-af64-4bc4ae0c3920
Quirien,Rooth,58c9e92f-209d-4ac8-898e-62c871e81fed
Coşkun,Öymen,021cddf7-d0ec-4702-86d0-4a7650edae5c
Paula,Burns,cdcb0da4-879d-4e96-ba6c-a4b8178aab60
Anja,Čabarkapa,0122ef88-0f8e-493f-8556-d740a214439c
Ferdinand,Huse,4342ae3d-b405-410d-8cf3-7f0a3a3f608b
Catia,Andre,cce13833-68c4-4dab-a8f6-363760aeb0ac
Victoria,Harcourt,8a58bb6b-64cf-41e0-b59b-245aab1bf48a
Vildan,Başoğlu,7366ae06-a09c-4fa4-98e9-0dc6de67c720
Milena,Formo,487c0b00-f1b2-4c8f-9f7d-b65008b43fb3
Eemeli,Keto,198380e4-ac04-44f3-8978-6bf8c60dc971
Eliza,Reid,b56aa892-2b98-4d27-9311-5dea3d07d5e6
Olander,Hjelle,f1f39d2f-d174-42b7-811b-574ca97c5c4a
Wilma,Steinnes,9d8434d8-9f6c-474d-ab43-10f03bebbaf9
Đura,Zeljković,1f2d7d8e-48e8-441b-a56a-d4c02f4b8bf4
Joerg,Christmann,560c7ee2-1667-4c70-ae61-2927d002c170
Lee,Cunningham,48bed3b8-3cd6-4129-b927-08abbcad85e2
Inès,Morin,138c3940-e5a9-4fb1-a339-8d6e3210f747
Gascão,Freitas,8eca42dd-bb5c-4c13-a84a-8bbed6b5934a
Walter,Dixon,a1996fb6-3b4f-4c97-8592-e1560504b6bb
Budimil,Atroshchenko,c59f4c29-f68e-49ef-bf32-425faef8fb20
Amelia,Grewal,46892c33-391f-4852-9cad-cdbec34148fe
Beatrice,Gill,cb4f236a-7183-4226-8e26-f4e9b0c17f7c
Becky,Hunter,b9317637-8e43-4a32-85d6-62abd9a11435
Cohen,Edwards,76ee5a24-3cf9-4680-9144-35fde8123d9c
Tillmann,Achatz,1550f763-06d2-47ab-81c0-82a1c871d4d5
Kahaan,Salian,2aed22c1-90c7-4b2f-a087-9c685675bd68
علیرضا,کریمی,7c4eaa7a-8a78-4c98-ba6c-e4a595af71bd
Séléna,Lecomte,9a00acc3-5758-4ac1-94c5-dff2b345c002
Darpan,Vernekar,7c6caadf-372f-429a-9e05-e8a4e9dfb1b4
Shelly,Schmidt,269683d7-00b2-4063-aeb1-cacfb8a7f1dd
Alex,Willis,33d6cf8d-94f6-42bd-97e7-ccc8967fc307
Rosario,Gonzales,66704915-83e1-421f-ac1c-3cca2264adb5
Marie-Claude,Richard,81f3ba6e-1979-4620-8d73-debb805e9ee0
Hans Jürgen,Zuber,944d662b-750e-4f66-bb74-83708a9036ad
بنیامین,نكو نظر,c8d9d202-f134-4e74-a003-b6fd20d48822
Hazel,Williams,64205150-85cb-4cbd-ad62-4afc92e6c469
Kristin,Lien,6adbf933-c1f8-4624-b5fe-667e392be527
Nieke,Bontje,999a7235-eb7a-44ef-b6cb-e7c71c1fdb9e
Sami,Martinez,43ebc8a0-f2a5-43ef-9799-1106ef830525
Elias,Madsen,79195d39-a395-4132-93f8-f8cf0de2a624
النا,نجاتی,d646f132-e19d-474f-a32d-4155a488c22a
Dimitri,Zielke,d5eee5ce-b73e-4b27-af4d-b710f042b01f
Romain,Andre,48e06bea-1b2a-40a3-8264-67c819a27f59
Aida,Lucero,f3357d0a-1ea7-4bb5-b0cf-a143cfb46cb2
Marilou,Leclercq,5a4f9eaa-4cb5-4c4b-badd-40e9bf517b71
Ege,Ertepınar,74f8b501-7f01-40be-9a39-50ed7ec4ce69
Esma,Tahincioğlu,373fc8d3-2e48-44e6-a898-eb28ae51fadd
Jacqueline,Rahn,48280e28-f634-481f-a5ea-e254f131ea87
Kerttu,Waisanen,8680b675-ef6b-491f-a7b6-701e519959ed
Hans-Günther,Falkenberg,146d9dbe-5380-4903-93fa-55b7ba3e7f88
Omkaar,Dsouza,d87bb02f-19f1-4367-a087-b5b856a444e9
Egídio,Fogaça,641648a2-cae2-42e1-8576-6f23d195c2aa
Iman,Fossnes,5bc739d6-9127-49f6-94db-c9a69756f27f
Eyup,Smink,dd313159-a38c-4138-a1ce-ee65328936d2
Olivia,Linna,12397b99-0161-4cd3-a5ab-c6f1899363f2
Cecilie,Rasmussen,7c29b2ae-4e4c-4822-b928-c6c5d67c84e3
Lice,Carvalho,edd0b11d-3ee3-4d7f-9970-338727c22517
Danielle,Arnold,988aa3b8-2aea-4221-b251-04bb23c0a048
Gerson,Teixeira,23250586-4a45-473d-8b7f-8ba5ff226f91
Aubree,Lawrence,659a21c5-dad9-48b2-a23b-c499bba9a4fb
Zachary,Thompson,94f8c550-92ab-4d7c-a8d5-6dfa43fdea4a
Viraj,Saniel,ebb91bd4-aa59-40ea-9a72-e5b51bbf4603
Rathi,Gatty,6a701c21-6d81-41eb-85f6-0c7c89e0da54
Adem,Kuhnt,957753e7-29eb-420e-85ab-8b5ffbb69d73
Atanasije,Ćirić,39771492-7e6c-465d-aa93-653301f08302
René,Kappel,a879ec37-299d-4d90-bc0b-4b30e0c8933a
Okan,Özdoğan,f357c8a2-6454-4e93-890e-668840301b5a
Amanda,Kari,9bfca824-2cf0-40c4-a923-d42e6c1435b7
Draginja,Filipović,b2139cf3-fc2a-40cc-b70c-bc520b0361eb
پوریا,گلشن,eba4d2fa-03c7-4ce6-875f-c58b164c721f
Christian,Pedersen,c993a694-4e5b-43a1-b5c1-fad511aa9569
Alessandro,Roux,308dccb8-7ee4-4bdd-a006-c7d733bc97fa
Esther,Aguirre,30a5e4e8-e17c-4510-806e-c9ef4129f9b5
Summer,Martin,ddefeead-0d81-48d4-a5a2-fa5e9f71e02b
محمد,سهيلي راد,f08bd60c-c28d-43a4-8d29-2a5fd1eb5f69
Adele,Kunz,b58bf961-7477-448f-b759-3be15c796108
مارال,مرادی,2e041a76-1f43-4a01-99e7-b928c7321b2f
Ellen,Kivela,990782f1-531a-4f27-8d87-df1e092446b8
Rachelle,Snelleman,318815a8-76a5-4ec2-a31b-9ad91e8fc456
Ryan,Martin,4f1d7524-2df5-4a55-b406-3d900dae1301
Katharina,Roux,29b47d7f-b3f2-4fdb-83b5-5fef24b76c6d
Luisa,Esteban,ddcc09b0-5c1c-40f9-9355-da28dc0749ea
Becky,Carroll,db231807-667b-4511-a63e-2f1898d3f2bc
Alfred,Gutierrez,8dabbb59-42d5-49ea-80c4-b73626f611f3
Mesaque,da Luz,76f5fe43-3af4-44c7-93db-d5ce7b224f01
Norine,Gerritse,1e3a7f5d-e43a-425b-83a9-ba862fccfc1f
Kayla,Wilhelmsen,83bc0a4c-1d38-4d9a-b0dc-160f5d94ad54
Timoteo,Carrera,5eb5af80-4f2d-4ca3-9d7d-db1249c6fa7e
Derek,Turner,c2983cb1-bf27-47fe-96c6-cf84807ab4fe
Tina,Vidaković,23a12fa4-969f-4cfc-8f65-37aff141258d
Elizabeth,Clarke,fec262ca-485c-4f1e-9d53-50334d426b69
Arlo,King,4764023e-850f-4db6-8c26-289d99ac0729
نازنین,احمدی,ed465b84-e74d-4ce2-ac86-93bebfa87f6e
Slobodan,Filipović,2339d8d7-c5f6-45ae-9220-2882b1b10c12
Frederikke,Jørgensen,83c220a5-bae9-46b4-8f29-70b35593f24a
Elif,Atan,f79491e0-e395-4160-b734-4a96d07f9c3e
Ümit,Tahincioğlu,052c3a7b-8662-46fc-8e1c-6b16ee1fa194
Erik,Wade,f5a9f9c1-86c1-448e-a448-10b05b90d507
Zoya,Pezhanskiy,3b93f0f7-ddd7-468b-8f32-a652a13a8f3a
Kasper,Lassila,aaa684db-ce06-4210-8548-8ac99a112a97
Salvador,Nelson,fc923736-2eaa-44df-8795-83a0c9acabdf
Mitesh,Rajesh,beb8c25d-eefe-4d2b-bdbd-e55a61a6ca4a
Isabell,Holzwarth,6e9ec380-b1c0-4219-b592-3b578b90d812
Paula,Cabrera,959acdb4-b157-4fb7-a921-a47893c467b9
Vitan,Grigorovich-Barskiy,0b6c3302-c981-43ac-86b8-95c4673fe31c
Piet,Van Oord,a8cc5350-aaa1-4a6e-aff2-be3ff68bc163
مرسانا,احمدی,11af5af7-2062-466e-8de9-6d61cf1cffda
Humberto,Patiño,0aba6066-575b-4502-882f-4840065f90f7
Lincoln,Brown,ad3fc817-98d6-42f6-9c84-f33fe51d9067
Dijana,Ognjanović,c2dd97ba-5500-4d99-b3f3-ee0fc8c073d8
Romano,Henry,bf997b03-c827-42a3-908d-a2d8aeacaf5b
Meral,Uluhan,da47cc2f-757f-42c5-a9a6-e3e3cfd2a3b8
Sofija,Jevremović,b3741bc3-7aa5-4b08-83b8-17447185e85e
Fernando,Corrales,400daa06-da9b-4fe5-bbc3-d07f9641ce7a
Piper,Patel,67b00327-7f47-4cd3-b555-8fa5cc76a475
Laurine,Thomas,e0fae43c-ffed-4c89-9af4-4549df4ca7a0
Lillie,Mason,610fc450-3668-4360-a9b8-fd960feb8b92
Micheal,Gray,7c546f18-57a0-4b86-9483-4fa66a87b662
Raymond,Schaper,a0c75f2e-894f-4c96-9fc3-5e2d8dfe3aee
Noah,Thompson,bd366ce8-9538-4d86-b6a8-8224d95e87a1
ستایش,نكو نظر,0706489c-c905-4c8f-82b6-74d8c52205c2
Milenko,Borojević,7aa1e9a7-94e8-4221-a411-6ec079644346
Jenny,Fitzgerald,648051c8-3d5d-416b-835f-ffedc9dfe131
Heinz-Otto,Holzer,fe69bc93-df94-4e86-a36e-1046084351cd
Toligniv,Romanishin,32013ce7-a175-41f5-846c-9257294b0e35
Victoria,Simpson,4d582fea-0f7a-4473-89ac-7026543be8db
Millie,Williams,137093d8-6f96-46db-b0d2-ffb3b7bad88e
Michael,Deschamps,c8373a3d-cb99-4404-a7b5-99901abf97f4
Vilma,Sippola,e5740b79-be38-48db-a519-c004cef2f939
Lionel,Dupuis,dfc3e4dd-4af6-4824-8dc4-049cc1dcc4c5
Sophie,Spencer,ae192775-16ec-4496-94af-3bbaa4bbd009
Malathy,Bhardwaj,0a53d2e7-66a5-4fd2-a815-6df7d0b7fa08
Şuheda,Van Olst,8e55e05e-b841-4140-9390-609f5fc7e089
Nuh,Geense,cf8103d4-afa3-4eb1-b9e1-f6932ab9c0fe
Maurice,Scott,96cc05cb-9ad0-45a0-9fdd-86507850dc2d
Rasmus,Huhta,1bbd6ef1-e55d-4424-b281-303fe1f68a24
Svyatogora,Matyash,94d19502-1946-438f-94d1-8574aaafe672
Carla,Cooper,d0992982-bd2d-4162-8a3e-991011f94421
Diane,Morris,d0de4321-38b8-4bed-82bc-3c5a3fab1191
Arseniy,Sodomora,98c73ca6-9594-4a57-92d2-d54ed224b36a
Caja,Loukili,46d380c6-c9ec-45bc-9752-b9a2bf65ab51
طاها,رضاییان,cf6a8877-02b3-4e33-aa75-56ecafd87571
Danny,Warren,fa0a58a2-8558-4563-a478-ba0be58de6f1
Enora,Gautier,35e21898-fc0a-4406-8dc4-e015e5c43371
Rosario,Girard,d6b06eee-24ca-4900-ba6c-eafa1090fad7
علی,سهيلي راد,97a455c7-997c-4ef7-ba17-d413ef14d5c0
Naomi,Martin,abbc0e02-0239-4085-954c-4aa091bce35c
Isabelle,Wood,13f50b9d-0cd3-46cb-9698-b35afbe60f79
Liam,Macdonald,76e4d59e-d28b-4e37-bbcb-30bf17a5b56b
Emre,Özbey,e491d568-8080-4785-8399-c0f33d6e365a
Adrião,Almeida,e0b6a154-2afe-41f0-84bc-bd7f13da66fb
Vasiliki,Holthuijsen,808fa485-f6cd-4f70-8d5d-099aac6f7373
Harvey,Rose,c4742b55-4419-4636-87ea-bd74de848a71
Sophia,Anderson,cd4e0afa-36ea-4dec-95d3-f4eb9a29f916
Duko,Van Wel,0708eb56-9703-454d-b687-1c0285881f4a
Lieve,Verhaar,e7324ca7-49fb-4429-a73c-42552ef43d09
Sue,Crawford,cca2931e-f9fd-4b43-9598-f2dfc79c963d
Eduardo,Santiago,3495a949-4b32-44af-96ca-c026dfd6964c
Goran,Zelenović,23999592-9b1f-4b7d-9f33-e56a9953432a
Mustafa,Toraman,931399f7-0564-4577-8b36-2980a514865c
Eduardo,Mccoy,e8bd3079-af95-4dde-bc71-5d0a8444ae28
Wayne,Yuen,8a84149f-e1b6-4306-a4c4-23bf5f4788bb
Franco,Lemaire,0e763f3f-42f9-42ec-9164-2ec461c97d7b
Pihla,Salo,1d030523-728f-4d31-9131-87c931937af3
Clara,Mitchell,592efffa-d083-4fba-90ad-5a2fec404203
Jonas,Poulsen,d5323de6-78c1-470f-a519-0140d63b0b28
Leonora,da Rocha,9ef200ed-3f12-4b7e-8924-400f65a64bec
Mauricio,Barreto,cf90956e-1088-4407-bcab-009cb71e3a09
Rachel,Watson,b6309266-3229-4bda-aeed-d66a4d14f080
Leah,Franklin,904ad513-87a4-41fa-91c4-1031ec62e036
Zoe,Harris,9374deae-4313-4c8f-8e76-652274bb69e0
Carmen,Román,cfe4d639-d436-4414-a2a8-1ee78c24e3ff
Angela,Gregory,73b513b7-bee5-4827-a61a-ebe897cd69e5
Esperanza,Bustos,abab77e7-ea3c-4333-b702-3fd2b96a0cfe
Albert,Piskun,921bf1dd-7ccb-4860-a250-cb0a4496849b
Ed,Bishop,f924e2d9-7453-4358-9e3f-d467e5375510
Scarlett,Parker,f7af0752-e049-4d85-a753-85327924223c
Stanislava,Logvinenko,78c16130-531a-45c3-9a21-b5a774b20d09
Onur,Dağlaroğlu,e6426e9c-ded7-47e7-9edf-a7cd3e9906da
Laura,Francois,c1a0df17-66e7-4ba7-a0b0-44dc03a847d3
Israe,Kruidhof,209b2853-7bef-4fa1-b524-975301d5f200
Rahul,Shah,b45f7639-1321-449b-8fc2-94868f24575e
Nicoline,Christiansen,a4b87644-30df-499c-8676-b60ba15bea69
Alicia,Lozano,bfb63bb7-53c1-48c5-8d83-9bb8513c85ce
هستی,رضایی,109a25e0-3343-4454-8072-1e3ccd6c5902
Pelageya,Kostyuk,76cdcfdf-2acc-4132-bb48-95e6011032b0
Jakob,Mendoza,25fa3a29-ef95-4511-83bd-e97c96ae4b4b
Jimmy,Stephens,fee16c4e-a103-4c60-bcdb-8fc1f61b6c37
Fiona,Clement,893a1e8b-f4f3-4ae3-abf7-e744962f4162
Laurie,Park,b9a87ca4-247a-495d-834c-29272c4fd9b2
Sergio,González,9044df84-7185-4d4f-97cd-458ffa84fcea
Brennan,White,294bea6f-90bf-4f7f-b393-17ad9bf960d4
Edwin,Perry,adc7923c-236d-4e6d-8898-8bc15ee5143d
Álvaro,Hernández,f73ed59d-6706-46ff-a2ea-0afe87ccb2db
Natalia,Garica,b8e2c747-87ce-4b30-83e8-1ff96df15118
Mila,Blanchard,d6181378-8dd0-47c2-bec8-7e22e11568c9
Isaiah,Hale,136009cf-1844-4428-b414-5b0e83a43789
Roy,Torres,24f13375-0bdf-4e5c-8cdc-b8fce1f5c24c
Riza,Schug,c1ae1834-f4d7-4017-a08f-918c54899f83
Flora,Springer,99d82eaf-ea36-46b5-808a-3032b4c9167d
Roope,Murto,815d0359-b6e7-4a4a-a1f0-ff4354182aab
Pavati,Dawangave,ca00d670-33a3-424d-ac25-88e6ef14cdf5
Agafiya,Malovichko,0c1ce947-f2b2-4971-a181-0bd23a4a4f40
Kayla,Jackson,2d4009d5-eab0-4a84-a49c-a990b0234494
Dirk,Richard,a48632eb-d2d4-426f-9065-7ee68eb998bc
Emil,Thomsen,7db0efee-9c4d-450f-b485-99ffa46af5a8
Deniz,Yetkiner,c0fc8695-2f86-4db3-ba6b-9ef95a43dccf
Elijah,Walker,bd767bc9-26fa-438d-a33f-72a9d1b1cbdf
Charlotte,Ross,895607dc-5e47-4db9-82e6-9937dbfd33c2
Charlotte,Patel,36bc5441-921d-4af0-b39a-0a0b43f04b65
Mila,Li,7c9c62bf-4f37-494d-9e9f-524585601d62
Ruby,Harrison,fc1ff3cb-2e9a-40b7-80f4-d90af9014dc9
Simeon,Terzić,9774d1f7-d94a-4e29-ac1a-46b46ed87fea
Sanjana,Tipparti,4d095c32-ee1f-403e-98dd-0c1f5ef2ef1d
Charan,Mugeraya,3c625b2e-850b-4c64-bff6-571da2a6b96b
Halbe,Vrolijk,bc47b561-e7dd-4035-977f-a98b7c6153ee
Maya,Sullivan,c18e6329-22a0-458a-bb13-962f48bfb9ac
Josefina,de Jesús,392e0b42-802c-4244-82e8-aefa936ac53f
Guadalupe,Ocampo,49161b00-4ce5-4dec-9e64-fc04ad7247fd
Claus-Peter,Topp,f8bff4aa-9250-4817-99a9-2ee3ce26986a
Angelica,Kroll,2bc0384d-aa40-490f-8a97-6b876b734ac4
Dera,Melo,e11c4cbf-e498-4fba-a05f-0d7509f59d58
Djoko,Srećković,bdc72d82-b2da-4871-a0dc-b617d291050d
Champak,Raval,c618d450-dfcf-4e65-afd8-945221ac50cb
Lilja,Sippola,c3a9ed45-b599-43e7-92d3-4eaaed06b817
Yosef,Molland,fc359cf3-847b-45cc-8f0a-69b8b91ddd44
Jack,King,c2e74874-ca7a-4e24-8288-3df52b763e45
Gligorije,Šijan,9f2374b3-1c1d-45bc-97a5-fd2f4e207a6c
Etienne,Margaret,0c4a47b2-991e-47db-9a95-20aa47dce2ef
Massi,Oliveira,c8e14a9b-ee49-48ac-9d8e-789d03cc4c3c
زهرا,کوتی,859e167b-ab6e-4175-bb5f-985b8ab70f01
Kabir,Bansal,d44416f4-e632-4ea8-b237-af10d12cb758
Aaron,Alexander,8d4cf638-22c1-4c83-b3e0-f36dbd06cb50
Afrim,Lambert,c4a564e1-340e-4f0e-aad1-53f80c1db8a5
Heidelinde,Brehmer,75768cc0-fbee-4cff-87d2-25339c45b023
Amir,Dufour,9d341523-a911-4dcf-9200-c8653bd2a1ec
Ignjatije,Ćirković,2db08d8d-6a84-41b4-a16e-b44acf5e4b50
Ernest,Davidson,090c26c7-2e03-43d3-b30b-e8e1a1d2d68c
رها,احمدی,ddd72cfa-b40e-43ad-8892-034e8c0ec7e6
Mia,Gagnon,2e37782d-5ad7-496a-8973-d8acf3a558fb
Maxence,Leroux,4d0123e7-2a62-41d8-8683-8820a484727e
Leonor,Pineda,34eeec39-72dc-4fe1-9097-9728d05bf7d9
Roswitha,Pötzsch,653699f0-9a98-4361-8adf-2cd8108f1029
Yasemin,Tekand,adeecd5f-59aa-4498-bd89-987a20a61961
Danielle,Carlson,c9b3556b-6300-4974-ac02-709276e7190a
Benjamin,Drageset,e7b186b4-1c2d-40c2-a502-35eabce782d6
Lærke,Rasmussen,b1193697-aa45-429a-a52e-6a11e0d0b348
Kaća,Terzić,6f881743-2499-4f62-a48b-6f7edd01d135
Freyja,Zhang,970110bf-eedf-444e-ae63-e8ba7a3c2d30
